1829695, 9781280404320, 1032760
1723381, 9783848340033, 926446
1723525, 9781617119118, 926590
1953668, 9783642322174, 1156733
2091018, 9781138029972, 1294083
2070661, 9780789749192, 1273726
2094049, 9781317280637, 1297114
2080661, 9781498795920, 1283726
2080671, 9781498788984, 1283736
2030861, 9784431551393, 1233926
2218091, 9783484298019, 1421156
2161186, 9781118549155, 1364251
2161338, 9781118686133, 1364403
2192668, 9789058677372, 1395733
2197711, 9780812208894, 1400776
2197975, 9780618563166, 1401040
2220133, 9783899554113, 1423198
2231093, 9789052014135, 1434158
2138616, 9783110278040, 1341681
2154805, 9783631474273, 1357870
2297689, 9783658004811, 1500754
2316529, 9780735636705, 1519594
2355805, 9783658059576, 1558870
2482452, 9783540392866, 1685517
2483713, 9781464806438, 1686778
2483717, 9781464809866, 1686782
2483799, 9780702042713, 1686864
2483813, 9780813571935, 1686878
2624095, 9781317199489, 1827160
2624408, 9781498777018, 1827473
2624484, 9781351850216, 1827549
2624522, 9781498777032, 1827587
2613579, 9780789741073, 1816644
2646554, 9781556356766, 1849619
2649229, 9780739155851, 1852294
2646912, 9781783302369, 1849977
2646627, 9781570767708, 1849692
2650504, 9781613744932, 1853569
2669664, 9783486838640, 1872729
2704226, 9780955767999, 1907291
2704830, 9783631438817, 1907895
2770206, 9780486214610, 1973271
2765910, 9780807898734, 1968975
2763068, 9780729302654, 1966133
2763195, 9780729300704, 1966260
2776496, 9780763650803, 1979561
2790201, 9781574670974, 1993266
